<?xml version="1.0" encoding="UTF-8"?>
<project-private xmlns="http://www.netbeans.org/ns/project-private/1">
    <editor-bookmarks xmlns="http://www.netbeans.org/ns/editor-bookmarks/2" lastBookmarkId="0"/>
    <open-files xmlns="http://www.netbeans.org/ns/projectui-open-files/2">
        <group>
            <file>file:/C:/Users/PC/Desktop/Project%20%20game%20caro/Source/ClientCaro/src/clientcaro/Loginsuccess.java</file>
            <file>file:/C:/Users/PC/Desktop/Project%20%20game%20caro/Source/ClientCaro/src/clientcaro/Loginfail.java</file>
            <file>file:/C:/Users/PC/Desktop/Project%20%20game%20caro/Source/ClientCaro/src/clientcaro/ClientCaro.java</file>
            <file>file:/C:/Users/PC/Desktop/Project%20%20game%20caro/Source/ClientCaro/src/clientcaro/CaroClient.java</file>
            <file>file:/C:/Users/PC/Desktop/Project%20%20game%20caro/Source/ClientCaro/src/clientcaro/Register.java</file>
            <file>file:/C:/Users/PC/Desktop/Project%20%20game%20caro/Source/ClientCaro/src/clientcaro/CaroServer.java</file>
            <file>file:/C:/Users/PC/Desktop/Project%20%20game%20caro/Source/ClientCaro/src/clientcaro/LoginCaro.java</file>
            <file>file:/C:/Users/PC/Desktop/Project%20%20game%20caro/Source/ClientCaro/src/clientcaro/PlayNow.java</file>
        </group>
    </open-files>
</project-private>
