<?xml version="1.0" encoding="UTF-8"?>
<project-private xmlns="http://www.netbeans.org/ns/project-private/1">
    <editor-bookmarks xmlns="http://www.netbeans.org/ns/editor-bookmarks/2" lastBookmarkId="0"/>
    <open-files xmlns="http://www.netbeans.org/ns/projectui-open-files/2">
        <group>
            <file>file:/C:/Users/PC/Desktop/Project%20%20game%20caro/Source/ServerCaro/src/servercaro/address.java</file>
            <file>file:/C:/Users/PC/Desktop/Project%20%20game%20caro/Source/ServerCaro/src/servercaro/ServerCaro.java</file>
            <file>file:/C:/Users/PC/Desktop/Project%20%20game%20caro/Source/ServerCaro/src/servercaro/ThreadSocket.java</file>
            <file>file:/C:/Users/PC/Desktop/Project%20%20game%20caro/Source/ServerCaro/src/servercaro/database.java</file>
        </group>
    </open-files>
</project-private>
